{"IMU": {"x_accel": [1.01], "y_accel": [0.0027781296521425247], "z_accel": [0.0034366685431450605], "x_gyro": [-0.005058781243860722], "y_gyro": [0.0033928470220416784], "z_gyro": [0.9962513446807861], "x_mag": [0.17543087899684906], "y_mag": [0.3476594090461731], "z_mag": [-0.4072194993495941], "roll": [12.585561478741097], "pitch": [69.72014292283286], "yaw": [103.2253415536265], "temp_IMU": [52.06247329711914]}, "GPS": {"Latitude": [0.0], "Longitude": [0.0], "Altitude": [0.0], "Sat#": ["0"]}}